aadhaar_id,policy_id,policy_start,claim_id,claim_date,hospital_id,claim_amount,diagnosis_code,claim_description,anomaly_type,name
SYN_AAD_018805,POL806866,2024-10-12,CLM2934976,2025-06-30,HOSP_234,20888.51,A01,fever,none,
SYN_AAD_000402,POL356430,2023-06-06,CLM1771442,2023-06-19,HOSP_484,13323.28,C03,covid,none,
SYN_AAD_004917,POL287654,2023-03-26,CLM1593302,2024-09-28,HOSP_567,21900.99,D04,fracture,none,
SYN_AAD_010544,POL360322,2024-10-25,CLM7983626,2025-03-19,HOSP_938,23052.93,C03,surgery,none,
SYN_AAD_002552,POL699298,2023-06-18,CLM7254683,2024-08-06,HOSP_123,22798.95,A01,fracture,none,
SYN_AAD_007313,POL943409,2024-05-29,CLM9653253,2025-01-31,HOSP_48,146835.15894236448,D04,fever,inflated_claim,
SYN_AAD_015240,POL396020,2024-11-26,CLM6212643,2024-12-26,HOSP_336,24169.61,A01,maternity,none,
SYN_AAD_019475,POL108356,2024-02-12,CLM7189439,2024-07-24,HOSP_206,22295.9,C03,maternity,none,
SYN_AAD_009958,POL875501,2025-04-11,CLM5069884,2025-07-22,HOSP_476,229528.10938228594,C03,maternity,inflated_claim,
SYN_AAD_016166,POL910143,2024-12-01,CLM4278644,2025-04-21,HOSP_751,11695.2,B02,fracture,none,
SYN_AAD_000208,POL529954,2025-05-05,CLM1401147,2025-06-06,HOSP_239,22148.09,C03,fever,none,
SYN_AAD_010977,POL101533,2025-07-31,CLM7312844,2025-08-02,HOSP_870,21038.44,C03,fever,none,
SYN_AAD_014910,POL655550,2024-09-16,CLM4995789,2025-04-17,HOSP_430,1056804.575456355,D04,fever,inflated_claim,
SYN_AAD_006652,POL846221,2025-03-11,CLM5694689,2025-05-13,HOSP_96,13616.26,A01,fracture,duplicate_aadhaar_diff_name,Melanie Fisher
SYN_AAD_017031,POL533121,2024-02-03,CLM7249378,2025-05-31,HOSP_470,14594.72,A01,maternity,none,
SYN_AAD_006207,POL629979,2025-04-07,CLM3239990,2025-04-18,HOSP_653,25265.76,D04,fever,none,
SYN_AAD_019874,POL695403,2025-01-31,CLM2044933,2025-05-28,HOSP_446,19802.22,B02,fracture,duplicate_aadhaar_diff_name,Steven Brown
SYN_AAD_009557,POL373668,2025-07-06,CLM6284972,2025-08-13,HOSP_949,162736.32372422062,D04,surgery,inflated_claim,
SYN_AAD_009439,POL574751,2022-12-15,CLM5562662,2023-09-06,HOSP_240,20141.59,A01,fracture,duplicate_aadhaar_diff_name,Cathy Kline
SYN_AAD_010619,POL917823,2024-12-26,CLM2828260,2025-05-20,HOSP_160,20148.78,A01,fracture,none,
SYN_AAD_014731,POL588694,2024-01-14,CLM6268604,2024-10-20,HOSP_417,24691.42,A01,maternity,none,
SYN_AAD_017097,POL907756,2024-11-01,CLM4483557,2024-12-13,HOSP_463,2112450.3528007576,C03,covid,inflated_claim,Amy Shelton
SYN_AAD_008683,POL993892,2024-03-26,CLM3011815,2025-03-18,HOSP_93,145738.64689318725,B02,surgery,inflated_claim,
SYN_AAD_019769,POL142288,2024-02-06,CLM4607450,2025-06-02,HOSP_856,17688.62,C03,fracture,none,
SYN_AAD_002988,POL845702,2023-05-22,CLM5164420,2024-04-20,HOSP_992,17827.52,C03,covid,none,
SYN_AAD_016825,POL151328,2024-12-01,CLM6013715,2025-02-18,HOSP_267,18454.14,B02,fever,none,
SYN_AAD_013251,POL996114,2023-01-16,CLM8586676,2025-07-16,HOSP_570,250605.68116609682,B02,fever,inflated_claim,
SYN_AAD_015140,POL206857,2023-07-27,CLM3345338,2024-03-24,HOSP_125,17606.26,A01,fever,none,
SYN_AAD_007283,POL237064,2024-11-23,CLM4324120,2025-07-03,HOSP_844,26278.78,D04,surgery,none,
SYN_AAD_002753,POL710610,2023-01-08,CLM5342289,2025-05-07,HOSP_940,15526.96,A01,fever,none,
SYN_AAD_002112,POL307356,2022-10-21,CLM8439543,2023-01-15,HOSP_829,195739.23566428572,B02,fever,inflated_claim,
SYN_AAD_010864,POL228479,2023-06-19,CLM1716325,2023-09-28,HOSP_965,17801.34,D04,fever,none,
SYN_AAD_013764,POL701761,2023-09-24,CLM8267158,2025-07-27,HOSP_842,27234.89,D04,covid,none,
SYN_AAD_000966,POL501320,2024-04-08,CLM8158234,2024-09-01,HOSP_177,20982.77,C03,fracture,none,
SYN_AAD_006132,POL388339,2023-09-25,CLM5695180,2024-01-01,HOSP_457,137274.42506387824,B02,fever,inflated_claim,
SYN_AAD_008053,POL778720,2025-08-15,CLM5951043,2025-08-18,HOSP_511,107046.10098749778,D04,maternity,inflated_claim,
SYN_AAD_015696,POL163941,2023-05-14,CLM2471723,2024-09-09,HOSP_287,21335.25,D04,fracture,none,
SYN_AAD_013737,POL309146,2023-04-19,CLM9821696,2023-09-25,HOSP_256,219131.2588608483,A01,covid,inflated_claim,
SYN_AAD_011767,POL602985,2025-07-24,CLM9131572,2025-08-10,HOSP_353,20411.42,C03,covid,none,
SYN_AAD_008861,POL288550,2025-01-27,CLM1437264,2025-07-25,HOSP_327,161939.88939651227,B02,fever,inflated_claim,
SYN_AAD_014013,POL161437,2023-08-30,CLM8913550,2025-04-13,HOSP_543,17413.56,C03,maternity,duplicate_aadhaar_diff_name,Tammy Cruz
SYN_AAD_003277,POL267378,2022-11-07,CLM2679975,2025-05-07,HOSP_254,27046.74,B02,surgery,duplicate_aadhaar_diff_name,David Wade
SYN_AAD_017487,POL955937,2023-01-23,CLM1937991,2023-10-19,HOSP_783,211571.3742806762,B02,maternity,inflated_claim,
SYN_AAD_012727,POL472039,2022-11-25,CLM3914404,2025-02-02,HOSP_181,180609.1097882534,B02,maternity,inflated_claim,
SYN_AAD_010420,POL945372,2023-12-20,CLM7019382,2024-04-18,HOSP_936,17772.49,A01,surgery,none,
SYN_AAD_018600,POL690984,2024-08-21,CLM3384080,2025-08-07,HOSP_577,27266.92,B02,covid,none,
SYN_AAD_017764,POL424065,2023-06-15,CLM3945353,2024-09-15,HOSP_503,251043.9683650196,A01,fever,inflated_claim,
SYN_AAD_001116,POL343923,2023-01-06,CLM4671004,2023-05-21,HOSP_21,17385.7,D04,fever,none,
SYN_AAD_019016,POL743966,2023-11-21,CLM4380011,2025-06-05,HOSP_826,90785.11501723652,B02,surgery,inflated_claim,Joshua Moore
SYN_AAD_005815,POL941403,2024-05-03,CLM6428919,2024-07-10,HOSP_61,18591.08,A01,fracture,none,
SYN_AAD_019222,POL838927,2023-06-20,CLM3376537,2024-07-11,HOSP_793,13277.75,A01,maternity,none,
SYN_AAD_011956,POL176054,2022-12-27,CLM7267813,2024-05-26,HOSP_722,94767.36545777677,D04,maternity,inflated_claim,
SYN_AAD_003310,POL452909,2025-05-10,CLM6062779,2025-07-18,HOSP_331,14979.3,B02,fracture,none,
SYN_AAD_003991,POL930307,2024-03-04,CLM9173859,2024-08-03,HOSP_665,16161.01,C03,fracture,duplicate_aadhaar_diff_name,Gail Hernandez
SYN_AAD_005311,POL827250,2022-11-10,CLM6986539,2023-02-15,HOSP_229,789647.9657890026,B02,covid,inflated_claim,Gabriela Vance
SYN_AAD_010053,POL869649,2023-12-30,CLM5941179,2024-06-20,HOSP_131,21171.07,B02,fever,none,
SYN_AAD_018588,POL510623,2022-10-18,CLM1543292,2023-08-08,HOSP_187,27752.5,C03,maternity,duplicate_aadhaar_diff_name,Jessica Pena
SYN_AAD_007238,POL770718,2022-11-18,CLM2746679,2024-03-09,HOSP_960,15008.23,D04,fracture,none,
SYN_AAD_008007,POL881549,2023-11-23,CLM2305378,2023-11-30,HOSP_244,24921.61,C03,surgery,none,
SYN_AAD_005501,POL767090,2024-07-17,CLM2488575,2025-06-24,HOSP_842,168811.95380740458,C03,covid,inflated_claim,
SYN_AAD_000318,POL378095,2024-11-23,CLM4517918,2024-12-27,HOSP_256,198951.93393147373,A01,surgery,inflated_claim,
SYN_AAD_008410,POL925250,2025-06-27,CLM2812519,2025-07-06,HOSP_738,139732.5094638796,A01,fever,inflated_claim,
SYN_AAD_015056,POL559507,2022-10-31,CLM8040612,2025-06-14,HOSP_993,108320.08687170902,B02,covid,inflated_claim,
SYN_AAD_011370,POL497108,2024-05-12,CLM6892681,2025-02-16,HOSP_560,124236.6257596105,D04,fever,inflated_claim,
SYN_AAD_015711,POL927043,2025-03-29,CLM4784650,2025-07-13,HOSP_167,20832.26,D04,fever,none,
SYN_AAD_001094,POL409234,2023-12-02,CLM1336852,2025-04-30,HOSP_327,205619.60568137738,C03,fever,inflated_claim,
SYN_AAD_002431,POL458411,2023-12-18,CLM3853891,2024-08-22,HOSP_910,21445.84,D04,fracture,none,
SYN_AAD_002457,POL673619,2024-07-28,CLM2562037,2025-01-01,HOSP_347,328655.29183075554,D04,fever,inflated_claim,
SYN_AAD_014133,POL785386,2024-06-20,CLM3768193,2024-12-21,HOSP_622,16811.3,D04,fracture,none,
SYN_AAD_001754,POL206176,2023-12-06,CLM6554845,2024-08-14,HOSP_211,17345.02,B02,covid,none,
SYN_AAD_018157,POL857111,2023-12-03,CLM5450404,2024-03-04,HOSP_677,122186.68780775044,C03,surgery,inflated_claim,
SYN_AAD_003928,POL200575,2025-01-02,CLM1832744,2025-03-14,HOSP_403,17222.61,D04,fracture,none,
SYN_AAD_001786,POL478356,2025-03-04,CLM1064014,2025-06-26,HOSP_438,16813.06,A01,surgery,none,
SYN_AAD_013779,POL603660,2023-01-18,CLM4349987,2023-08-25,HOSP_100,25945.08,A01,fracture,duplicate_aadhaar_diff_name,Kevin Mason
SYN_AAD_005597,POL769191,2024-05-11,CLM5895783,2025-08-18,HOSP_84,262069.8887333631,D04,fever,inflated_claim,
SYN_AAD_010104,POL923002,2023-10-07,CLM7668395,2024-06-28,HOSP_483,17146.27,D04,surgery,none,
SYN_AAD_002986,POL773045,2023-04-13,CLM7501626,2023-07-07,HOSP_190,15838.22,C03,covid,none,
SYN_AAD_002388,POL295646,2024-05-27,CLM8478868,2025-01-20,HOSP_46,115377.70119053223,C03,covid,inflated_claim,
SYN_AAD_015239,POL376195,2025-07-17,CLM4795715,2025-07-20,HOSP_858,17238.88,C03,maternity,none,
SYN_AAD_002019,POL258471,2025-04-05,CLM2622400,2025-04-24,HOSP_88,272878.615079651,C03,maternity,inflated_claim,
SYN_AAD_013565,POL893202,2022-09-23,CLM4817030,2024-07-05,HOSP_567,21014.62,A01,covid,none,
SYN_AAD_017123,POL538967,2023-01-28,CLM9984440,2024-09-13,HOSP_704,12421.28,D04,maternity,none,
SYN_AAD_001346,POL599397,2025-05-10,CLM6013906,2025-07-22,HOSP_81,27737.53,D04,fever,duplicate_aadhaar_diff_name,Diana Lowe
SYN_AAD_016452,POL698967,2025-07-25,CLM9670757,2025-07-29,HOSP_820,28979.39,B02,fever,none,
SYN_AAD_014714,POL281276,2022-09-14,CLM3804559,2022-12-14,HOSP_996,190415.44616589844,B02,fracture,inflated_claim,
SYN_AAD_004134,POL144748,2025-08-14,CLM8103052,2025-08-18,HOSP_81,18061.49,D04,fracture,none,
SYN_AAD_004845,POL974625,2024-11-13,CLM5326615,2025-07-18,HOSP_328,21429.33,A01,fever,none,
SYN_AAD_012717,POL683390,2023-03-12,CLM7666510,2023-11-15,HOSP_566,21672.28,C03,surgery,none,
SYN_AAD_015776,POL580412,2025-06-15,CLM1207430,2025-07-09,HOSP_806,179703.3992458843,D04,fever,inflated_claim,
SYN_AAD_013580,POL256911,2023-03-15,CLM3486379,2023-09-22,HOSP_581,30051.02,A01,fever,none,
SYN_AAD_006576,POL917411,2024-05-08,CLM2694338,2025-06-27,HOSP_805,198937.07328639127,C03,maternity,inflated_claim,
SYN_AAD_000682,POL530849,2023-03-26,CLM5431477,2025-01-02,HOSP_393,16008.51,D04,maternity,duplicate_aadhaar_diff_name,Donna Cochran
SYN_AAD_019954,POL596025,2024-10-09,CLM1628569,2024-11-26,HOSP_177,13103.4,C03,covid,none,
SYN_AAD_004713,POL748276,2023-04-12,CLM7739741,2023-08-20,HOSP_40,16345.35,D04,surgery,none,
SYN_AAD_007784,POL151685,2025-04-28,CLM8972838,2025-08-02,HOSP_943,179993.80520313795,C03,surgery,inflated_claim,
SYN_AAD_000662,POL454278,2024-02-22,CLM6084418,2025-07-01,HOSP_319,28972.79,C03,covid,none,
SYN_AAD_003218,POL339030,2024-05-04,CLM3254614,2024-09-13,HOSP_308,1930636.4467237666,D04,surgery,inflated_claim,
SYN_AAD_008828,POL864201,2025-05-25,CLM7992286,2025-08-08,HOSP_620,21118.94,A01,fracture,none,
SYN_AAD_014474,POL321659,2024-04-01,CLM7831185,2025-07-25,HOSP_759,2083104.1911703974,D04,maternity,inflated_claim,
SYN_AAD_007951,POL960899,2025-01-18,CLM1942977,2025-06-15,HOSP_528,25941.97,B02,fever,none,
SYN_AAD_010194,POL844037,2023-04-02,CLM9502613,2023-05-19,HOSP_414,265082.03649737267,B02,maternity,inflated_claim,
SYN_AAD_010856,POL130354,2024-11-17,CLM3914829,2025-01-31,HOSP_198,17345.66,B02,fever,duplicate_aadhaar_diff_name,Emily Krueger
SYN_AAD_008175,POL134677,2025-04-25,CLM8657937,2025-06-16,HOSP_52,17552.8,C03,fracture,none,
SYN_AAD_008977,POL486244,2024-09-28,CLM8788293,2025-05-08,HOSP_518,25220.8,D04,fever,none,
SYN_AAD_019350,POL353690,2022-12-31,CLM7248955,2023-01-06,HOSP_501,11503144.928806946,D04,fracture,inflated_claim,Sheila Thompson
SYN_AAD_007082,POL715388,2022-09-05,CLM6867997,2024-02-23,HOSP_353,29233.54,B02,surgery,none,
SYN_AAD_002961,POL398916,2025-01-18,CLM1460542,2025-04-17,HOSP_396,22919.64,A01,fracture,none,
SYN_AAD_011475,POL917711,2023-03-23,CLM4595669,2024-09-19,HOSP_878,18203.54,B02,fracture,duplicate_aadhaar_diff_name,Shelby Walker
SYN_AAD_006774,POL382154,2024-09-21,CLM7870390,2024-11-10,HOSP_526,22953.27,A01,fever,none,
SYN_AAD_015535,POL238741,2023-03-13,CLM3905824,2025-07-16,HOSP_616,25543.52,A01,fracture,none,
SYN_AAD_002925,POL737894,2025-04-19,CLM6124763,2025-07-16,HOSP_730,224056.5040898933,C03,covid,inflated_claim,
SYN_AAD_007389,POL992952,2022-11-03,CLM6850369,2023-09-11,HOSP_471,22536.37,C03,fracture,duplicate_aadhaar_diff_name,Erica Saunders
SYN_AAD_015292,POL416822,2023-04-21,CLM9734854,2023-12-03,HOSP_845,157140.268216257,D04,maternity,inflated_claim,
SYN_AAD_003352,POL107704,2022-10-05,CLM9581776,2022-12-16,HOSP_679,25846.48,C03,maternity,none,
SYN_AAD_019456,POL738635,2025-05-17,CLM5742531,2025-07-20,HOSP_306,198614.89382680345,A01,covid,inflated_claim,
SYN_AAD_002091,POL452618,2024-08-07,CLM5638619,2025-07-27,HOSP_656,23243.55,C03,surgery,none,
SYN_AAD_008557,POL787991,2023-10-08,CLM6012883,2024-12-15,HOSP_193,137818.19892074127,B02,maternity,inflated_claim,
SYN_AAD_007874,POL159532,2024-01-28,CLM7779646,2025-05-20,HOSP_677,20733.57,C03,fracture,none,
SYN_AAD_000834,POL787237,2024-09-23,CLM9344531,2025-07-05,HOSP_303,1093046.2995130385,C03,covid,inflated_claim,
SYN_AAD_013257,POL507135,2023-03-07,CLM1592554,2024-04-04,HOSP_598,15915.32,B02,surgery,none,
SYN_AAD_007286,POL819656,2023-06-12,CLM9969688,2025-05-31,HOSP_654,21843.37,D04,surgery,none,
SYN_AAD_016623,POL414777,2023-02-24,CLM3851902,2023-10-06,HOSP_861,18033.31,B02,surgery,none,
SYN_AAD_003198,POL593649,2025-03-23,CLM3146546,2025-05-29,HOSP_759,180530.1230959745,C03,maternity,inflated_claim,
SYN_AAD_005998,POL812730,2023-01-03,CLM6630978,2024-04-05,HOSP_671,2000527.639941265,A01,fracture,inflated_claim,
SYN_AAD_011641,POL334176,2024-01-20,CLM6152035,2024-06-12,HOSP_431,2621174.5932384855,C03,surgery,inflated_claim,
SYN_AAD_015979,POL714015,2022-10-27,CLM5933359,2024-03-24,HOSP_475,20232.18,A01,covid,none,
SYN_AAD_001758,POL765213,2025-07-05,CLM2194801,2025-07-29,HOSP_484,798165.453441274,B02,maternity,inflated_claim,
SYN_AAD_007882,POL813763,2025-05-13,CLM7403346,2025-05-17,HOSP_543,23731.27,C03,covid,duplicate_aadhaar_diff_name,Kyle Smith
SYN_AAD_001771,POL995735,2023-04-05,CLM3529642,2025-06-14,HOSP_141,218427.16446843286,B02,surgery,inflated_claim,
SYN_AAD_013408,POL697062,2024-04-30,CLM8676774,2024-05-12,HOSP_147,1593229.476939214,C03,fracture,inflated_claim,
SYN_AAD_002648,POL611265,2024-03-31,CLM6580596,2024-05-04,HOSP_647,1961163.5116865723,B02,surgery,inflated_claim,
SYN_AAD_001900,POL104942,2023-11-09,CLM8584194,2025-01-11,HOSP_281,21095.75,B02,fracture,none,
SYN_AAD_018883,POL901619,2022-10-02,CLM3658100,2023-06-28,HOSP_502,21246.92,A01,fracture,none,
SYN_AAD_015096,POL764259,2023-05-28,CLM8204299,2024-07-08,HOSP_414,27887.27,D04,covid,none,
SYN_AAD_009994,POL104895,2022-09-07,CLM1632925,2024-06-18,HOSP_547,1815733.0745007335,B02,surgery,inflated_claim,Brittany Mueller
SYN_AAD_000461,POL437864,2024-02-27,CLM9909268,2024-10-17,HOSP_196,21395.11,A01,fever,none,
SYN_AAD_008153,POL337256,2024-08-29,CLM6777230,2024-12-09,HOSP_320,264837.91891050385,B02,fever,inflated_claim,
SYN_AAD_006128,POL627786,2024-07-19,CLM6135759,2025-05-25,HOSP_172,20933.05,A01,fever,none,
SYN_AAD_009771,POL404955,2025-07-29,CLM8649174,2025-08-12,HOSP_746,189526.81893511262,C03,covid,inflated_claim,
SYN_AAD_004384,POL459381,2024-01-30,CLM9223833,2024-03-02,HOSP_368,20970.45,B02,fracture,none,
SYN_AAD_013218,POL120053,2025-02-04,CLM4832222,2025-02-13,HOSP_230,25368.16,B02,fracture,none,
SYN_AAD_000718,POL718337,2023-09-22,CLM9466346,2025-07-29,HOSP_174,127530.1843730192,A01,surgery,inflated_claim,
SYN_AAD_001224,POL493417,2022-12-26,CLM5291430,2025-02-13,HOSP_790,6310373.244411948,A01,maternity,inflated_claim,
SYN_AAD_001571,POL794125,2025-02-11,CLM2813842,2025-05-20,HOSP_670,16499.4,A01,fever,none,
SYN_AAD_003794,POL537020,2024-01-14,CLM8454356,2024-12-17,HOSP_390,25975.23,A01,maternity,none,
SYN_AAD_008281,POL597440,2024-04-19,CLM3569046,2024-11-06,HOSP_211,99179.29212537906,A01,surgery,inflated_claim,
SYN_AAD_013791,POL793805,2023-07-02,CLM2694160,2023-08-25,HOSP_679,17205.39,C03,maternity,none,
SYN_AAD_019845,POL834764,2023-01-11,CLM3301222,2024-09-06,HOSP_429,200498.9994647809,A01,maternity,inflated_claim,
SYN_AAD_013195,POL396439,2024-01-12,CLM2912813,2025-05-13,HOSP_804,256232.34028285538,A01,covid,inflated_claim,
SYN_AAD_003527,POL738584,2024-02-20,CLM4351238,2025-01-20,HOSP_797,19671.25,C03,maternity,none,
SYN_AAD_006608,POL475308,2023-03-15,CLM7874568,2024-02-20,HOSP_303,17224.0,B02,fever,none,
SYN_AAD_009926,POL620465,2024-10-26,CLM4484526,2025-05-31,HOSP_705,186131.66250444317,D04,surgery,inflated_claim,Rachel Jones
SYN_AAD_007684,POL102871,2024-09-21,CLM1213899,2025-04-15,HOSP_688,12759.93,A01,fever,none,
SYN_AAD_018813,POL801520,2024-10-17,CLM9289690,2025-05-03,HOSP_153,53427.95083429334,A01,maternity,inflated_claim,
SYN_AAD_002459,POL858711,2024-07-06,CLM2699372,2025-04-27,HOSP_927,22200.07,C03,fracture,none,
SYN_AAD_014966,POL410401,2024-02-09,CLM5431282,2025-01-04,HOSP_476,195232.47815441925,A01,fever,inflated_claim,
SYN_AAD_005724,POL141360,2025-08-06,CLM5874908,2025-08-11,HOSP_369,14893.84,C03,covid,none,
SYN_AAD_003797,POL199613,2022-12-12,CLM1769891,2023-10-28,HOSP_10,23541.78,B02,fracture,none,
SYN_AAD_010769,POL474894,2024-04-14,CLM8343630,2024-05-24,HOSP_979,188178.16293490282,C03,fever,inflated_claim,
SYN_AAD_012210,POL954551,2024-05-27,CLM6749933,2024-09-03,HOSP_188,17179.61,A01,covid,none,
SYN_AAD_003319,POL578715,2023-03-21,CLM5560602,2023-04-25,HOSP_856,13598.48,D04,covid,none,
SYN_AAD_013819,POL780364,2023-01-02,CLM3798082,2023-06-02,HOSP_116,24362.29,B02,fever,none,
SYN_AAD_005223,POL208751,2023-06-15,CLM7979786,2025-01-28,HOSP_934,23251.01,D04,maternity,none,
SYN_AAD_001226,POL290065,2022-09-02,CLM7371160,2023-11-10,HOSP_798,19504.12,C03,maternity,duplicate_aadhaar_diff_name,Mr. John Gay
SYN_AAD_000944,POL817712,2024-09-05,CLM3192032,2025-07-24,HOSP_495,29233.18,D04,fever,none,
SYN_AAD_011620,POL562094,2025-02-19,CLM1771287,2025-04-13,HOSP_65,14649.58,C03,surgery,duplicate_aadhaar_diff_name,Tyler Martinez
SYN_AAD_000405,POL838793,2025-06-17,CLM9804983,2025-07-30,HOSP_786,12372.37,B02,surgery,none,
SYN_AAD_017009,POL648513,2022-12-20,CLM2597897,2025-06-03,HOSP_444,189144.91620690163,B02,covid,inflated_claim,
SYN_AAD_011329,POL795951,2025-03-31,CLM7457158,2025-04-02,HOSP_153,19772.07,A01,fever,none,
SYN_AAD_005142,POL630126,2023-07-17,CLM8873361,2024-08-15,HOSP_873,21216.7,D04,fracture,none,
SYN_AAD_002453,POL887931,2022-09-13,CLM9248484,2023-08-01,HOSP_329,18793.82,B02,surgery,none,
SYN_AAD_009114,POL152796,2024-01-12,CLM9504862,2024-04-15,HOSP_229,21760.28,D04,covid,none,
SYN_AAD_004792,POL182659,2023-09-21,CLM8702329,2025-07-17,HOSP_455,86322.87359903175,D04,fever,inflated_claim,Carl Rodriguez
SYN_AAD_016333,POL568784,2024-11-05,CLM6302632,2025-06-20,HOSP_122,27218.82,D04,fever,none,
SYN_AAD_016738,POL523037,2024-01-02,CLM7917892,2025-07-21,HOSP_37,19589.24,A01,fever,none,
SYN_AAD_008100,POL749137,2023-09-04,CLM6110305,2024-11-12,HOSP_912,223348.8308246517,B02,covid,inflated_claim,Sarah Huff
SYN_AAD_011169,POL480992,2023-05-07,CLM1910586,2024-07-30,HOSP_837,21713.63,B02,covid,none,
SYN_AAD_005594,POL687360,2023-12-10,CLM8937865,2024-02-05,HOSP_734,22283.77,C03,covid,duplicate_aadhaar_diff_name,Roger Goodman
SYN_AAD_003736,POL202170,2025-02-19,CLM4720299,2025-07-07,HOSP_3,269762.19683011307,C03,surgery,inflated_claim,
SYN_AAD_009567,POL674295,2023-02-24,CLM9757456,2024-04-02,HOSP_383,22238.54,A01,fever,none,
SYN_AAD_002157,POL616342,2024-08-01,CLM3356346,2025-06-11,HOSP_842,23213.61,D04,fever,duplicate_aadhaar_diff_name,Tricia Yang
SYN_AAD_008332,POL740524,2025-01-10,CLM4287016,2025-01-28,HOSP_193,290049.1157126663,A01,covid,inflated_claim,
SYN_AAD_007064,POL579247,2024-03-02,CLM4197381,2024-08-30,HOSP_734,20982.61,C03,fever,none,
SYN_AAD_013581,POL148759,2023-12-09,CLM3067274,2024-11-15,HOSP_791,23545.02,D04,covid,none,
SYN_AAD_019310,POL628689,2023-03-06,CLM3258817,2025-07-24,HOSP_987,19551.32,D04,fever,none,
SYN_AAD_017378,POL871976,2023-08-25,CLM1814896,2024-11-24,HOSP_567,314527.4900886359,D04,maternity,inflated_claim,
SYN_AAD_015824,POL633025,2024-02-26,CLM3972963,2024-05-08,HOSP_709,16618.04,B02,fracture,none,
SYN_AAD_003393,POL506224,2024-05-15,CLM6399642,2025-05-18,HOSP_517,306300.11622740777,D04,covid,inflated_claim,
SYN_AAD_019955,POL826155,2023-07-19,CLM5164755,2024-11-26,HOSP_281,186980.25441566945,D04,surgery,inflated_claim,
SYN_AAD_009639,POL574843,2022-11-14,CLM3237608,2025-04-08,HOSP_142,12846.12,D04,maternity,none,
SYN_AAD_003205,POL413433,2024-01-15,CLM6266549,2025-08-03,HOSP_729,111870.74949219539,B02,fracture,inflated_claim,Adam Mitchell
SYN_AAD_006871,POL754487,2023-07-28,CLM5875114,2023-11-02,HOSP_704,111507.30491218549,C03,fracture,inflated_claim,
SYN_AAD_005826,POL628370,2025-06-05,CLM6408662,2025-08-14,HOSP_728,258776.02864305934,A01,surgery,inflated_claim,
SYN_AAD_018424,POL603704,2024-04-21,CLM8004117,2025-05-09,HOSP_691,16736.88,C03,covid,none,
SYN_AAD_000418,POL648122,2022-08-31,CLM2786278,2025-01-11,HOSP_26,182015.18194933073,D04,fracture,inflated_claim,
SYN_AAD_001738,POL802812,2023-09-20,CLM1949670,2025-07-22,HOSP_205,10552.3,C03,fracture,none,
SYN_AAD_009391,POL816586,2024-10-20,CLM5203716,2025-08-10,HOSP_150,17738.47,A01,surgery,none,
SYN_AAD_006684,POL890200,2024-10-30,CLM1542011,2025-04-04,HOSP_368,7880.6,D04,fever,none,
SYN_AAD_001396,POL335203,2025-04-18,CLM7524435,2025-07-29,HOSP_244,126001.6949071804,C03,fever,inflated_claim,Caitlin Allen
SYN_AAD_012503,POL506380,2024-05-22,CLM7988821,2025-02-03,HOSP_980,23802.07,C03,maternity,none,
SYN_AAD_003536,POL113595,2024-03-31,CLM5216804,2024-07-24,HOSP_208,23929.0,D04,fracture,none,
SYN_AAD_012050,POL891787,2025-02-25,CLM4296204,2025-08-16,HOSP_795,111142.49024582662,B02,surgery,inflated_claim,
SYN_AAD_014706,POL286044,2023-05-05,CLM2249382,2024-11-25,HOSP_192,15165.12,B02,maternity,none,
SYN_AAD_003910,POL495521,2025-06-14,CLM1681729,2025-08-17,HOSP_439,19761.44,C03,maternity,none,
SYN_AAD_013920,POL236384,2024-11-26,CLM3699938,2025-08-10,HOSP_599,19981.99,C03,fever,none,
SYN_AAD_019152,POL588983,2023-06-03,CLM3597208,2024-02-04,HOSP_41,121477.02597050011,B02,surgery,inflated_claim,William Coleman
SYN_AAD_019558,POL153325,2024-11-12,CLM6052539,2025-01-14,HOSP_503,27516.99,C03,fever,none,
SYN_AAD_010415,POL650916,2024-11-29,CLM4690350,2024-11-29,HOSP_980,24386.81,B02,maternity,none,
SYN_AAD_002234,POL924451,2023-02-07,CLM9474848,2025-05-05,HOSP_164,18895.18,D04,maternity,none,
SYN_AAD_017265,POL523013,2023-07-24,CLM2542590,2023-11-20,HOSP_358,20134.43,B02,fracture,duplicate_aadhaar_diff_name,Melanie Mason
SYN_AAD_010875,POL447148,2023-09-04,CLM7053183,2024-06-20,HOSP_301,21041.91,B02,maternity,none,
SYN_AAD_018989,POL597923,2023-07-10,CLM1147701,2023-08-11,HOSP_118,106513.97130570473,C03,covid,inflated_claim,
SYN_AAD_007875,POL773462,2024-06-27,CLM5090740,2025-07-28,HOSP_982,18764.11,A01,surgery,none,
SYN_AAD_002235,POL934883,2024-10-25,CLM2902100,2025-03-07,HOSP_396,90653.8017918124,C03,maternity,inflated_claim,Stephen Jones
SYN_AAD_009267,POL125905,2024-06-12,CLM9671603,2025-08-01,HOSP_842,14991.9,C03,maternity,none,
SYN_AAD_016670,POL567200,2023-11-24,CLM9167227,2025-05-06,HOSP_45,118899.37114917165,C03,fracture,inflated_claim,
SYN_AAD_010496,POL638857,2024-06-05,CLM2381527,2025-06-16,HOSP_971,28988.43,A01,fracture,none,
SYN_AAD_017628,POL659106,2024-05-16,CLM1122986,2025-06-04,HOSP_642,224797.56848210865,A01,fracture,inflated_claim,
SYN_AAD_001480,POL818699,2024-10-07,CLM8117053,2024-10-14,HOSP_856,98882.46031932514,A01,fracture,inflated_claim,
SYN_AAD_017621,POL969005,2025-03-24,CLM8302077,2025-06-09,HOSP_663,22862.91,A01,fracture,none,
SYN_AAD_000778,POL581532,2023-10-25,CLM6565260,2024-07-02,HOSP_39,138865.04446504335,A01,fever,inflated_claim,
SYN_AAD_001778,POL286638,2024-12-22,CLM5226314,2025-03-16,HOSP_572,226502.44627108748,A01,maternity,inflated_claim,
SYN_AAD_001053,POL371212,2024-09-02,CLM7838943,2024-12-15,HOSP_398,20298.15,D04,covid,duplicate_aadhaar_diff_name,Brianna Mullen MD
SYN_AAD_014189,POL431773,2023-10-29,CLM1283383,2025-01-17,HOSP_399,129230.31961195497,A01,maternity,inflated_claim,
SYN_AAD_019464,POL772580,2024-01-06,CLM2060950,2025-03-27,HOSP_775,23491.12,A01,fever,none,
SYN_AAD_003758,POL627262,2024-08-25,CLM2780658,2025-01-01,HOSP_297,21967.43,C03,maternity,none,
SYN_AAD_002834,POL395192,2023-04-03,CLM8342987,2023-08-04,HOSP_391,24475.97,D04,fever,none,
SYN_AAD_017396,POL263917,2023-08-12,CLM9950103,2024-05-15,HOSP_226,247029.85948283641,B02,covid,inflated_claim,
SYN_AAD_017882,POL409307,2025-05-03,CLM3417186,2025-06-10,HOSP_306,25247.76,C03,fever,none,
SYN_AAD_018137,POL682032,2022-12-23,CLM3371859,2025-01-02,HOSP_127,17323.82,A01,fever,none,
SYN_AAD_018766,POL725637,2024-01-01,CLM7611593,2024-09-24,HOSP_551,245798.0154871625,A01,surgery,inflated_claim,
SYN_AAD_006883,POL884645,2025-07-16,CLM6768873,2025-08-01,HOSP_217,20988.0,D04,maternity,none,
SYN_AAD_004667,POL268772,2025-03-07,CLM4086885,2025-07-07,HOSP_227,350641.4416095241,C03,fracture,inflated_claim,
SYN_AAD_018849,POL290167,2023-04-22,CLM1912484,2025-06-11,HOSP_872,16554.06,D04,maternity,duplicate_aadhaar_diff_name,Melissa Carter
SYN_AAD_005328,POL404771,2025-08-10,CLM2130159,2025-08-17,HOSP_257,28679.82,A01,fracture,none,
SYN_AAD_019024,POL610856,2024-09-15,CLM6550757,2024-12-30,HOSP_366,20989.55,B02,fracture,none,
SYN_AAD_003454,POL398987,2024-11-30,CLM2171198,2025-05-26,HOSP_922,16742.91,B02,surgery,none,
SYN_AAD_001089,POL572536,2023-10-22,CLM6508733,2023-12-28,HOSP_632,1162506.9669069548,C03,maternity,inflated_claim,Sarah Ryan
SYN_AAD_000865,POL693024,2025-07-19,CLM7115185,2025-07-22,HOSP_828,18398.26,C03,covid,duplicate_aadhaar_diff_name,Thomas Clark
SYN_AAD_017914,POL105066,2025-05-03,CLM6254872,2025-06-28,HOSP_253,22120.83,B02,covid,none,
SYN_AAD_009066,POL980919,2024-11-13,CLM7031174,2025-04-11,HOSP_138,872157.1854363547,C03,covid,inflated_claim,
SYN_AAD_012818,POL566991,2025-07-16,CLM7018685,2025-07-23,HOSP_794,17131.5,C03,covid,duplicate_aadhaar_diff_name,Jo Newman
SYN_AAD_003163,POL214119,2024-06-14,CLM3948933,2025-05-24,HOSP_662,19878.23,A01,surgery,duplicate_aadhaar_diff_name,Christina Little
SYN_AAD_004587,POL664781,2024-01-03,CLM4295580,2025-08-15,HOSP_270,30711.35,A01,fever,none,
SYN_AAD_009017,POL990856,2023-02-21,CLM9509040,2023-08-23,HOSP_647,246103.74858166277,A01,maternity,inflated_claim,Garrett Sanders
SYN_AAD_004170,POL524814,2025-04-03,CLM4569531,2025-08-01,HOSP_929,144155.18592045846,A01,maternity,inflated_claim,Thomas Wright
SYN_AAD_008539,POL669868,2024-09-22,CLM8920589,2025-03-05,HOSP_670,20190.02,B02,surgery,none,
SYN_AAD_003310,POL334153,2023-09-22,CLM5882155,2024-06-07,HOSP_138,206398.98014410108,D04,maternity,inflated_claim,
SYN_AAD_016725,POL194952,2023-08-02,CLM7656950,2024-02-26,HOSP_373,155551.64782024163,A01,fracture,inflated_claim,
SYN_AAD_005434,POL893988,2025-03-28,CLM9625782,2025-06-14,HOSP_144,14886.04,D04,fracture,none,
SYN_AAD_005870,POL693868,2024-02-22,CLM3452813,2024-10-26,HOSP_754,18713.12,D04,surgery,none,
SYN_AAD_001324,POL329448,2022-12-08,CLM9181277,2024-06-16,HOSP_238,11657.08,A01,surgery,none,
SYN_AAD_012105,POL345386,2025-05-11,CLM1718206,2025-08-03,HOSP_685,145199.19634685272,B02,maternity,inflated_claim,
SYN_AAD_011837,POL506945,2023-12-14,CLM8879825,2024-03-09,HOSP_940,23235.98,D04,fever,none,
SYN_AAD_001307,POL780027,2025-03-25,CLM6437011,2025-06-11,HOSP_106,183079.95941792513,C03,surgery,inflated_claim,
SYN_AAD_018960,POL670792,2024-07-03,CLM3916715,2025-08-18,HOSP_386,27869.93,D04,surgery,none,
SYN_AAD_016509,POL785073,2025-03-06,CLM2305896,2025-05-27,HOSP_530,13871.17,C03,covid,none,
SYN_AAD_016783,POL641455,2023-08-23,CLM7808902,2025-08-18,HOSP_362,12678.13,C03,covid,none,
SYN_AAD_015797,POL733561,2022-08-31,CLM1110690,2022-11-16,HOSP_514,21122.26,B02,covid,none,
SYN_AAD_003077,POL341162,2025-01-13,CLM2293325,2025-04-03,HOSP_527,25235.49,C03,fracture,none,
SYN_AAD_004923,POL295984,2024-02-15,CLM3640018,2025-03-12,HOSP_371,318902.71981710294,A01,fracture,inflated_claim,
SYN_AAD_013586,POL950576,2023-05-31,CLM6540252,2023-09-02,HOSP_738,148983.82551264888,A01,covid,inflated_claim,
SYN_AAD_003394,POL602290,2023-02-06,CLM4535025,2024-10-13,HOSP_605,25393.4,B02,covid,duplicate_aadhaar_diff_name,James Kim
SYN_AAD_005215,POL355506,2023-06-12,CLM1723841,2023-08-09,HOSP_131,19807.46,B02,fracture,none,
SYN_AAD_016798,POL141094,2022-12-30,CLM3463987,2024-05-21,HOSP_58,161470.94983449607,B02,surgery,inflated_claim,
SYN_AAD_005899,POL641737,2025-01-29,CLM7802428,2025-08-01,HOSP_614,237656.00816313716,A01,surgery,inflated_claim,
SYN_AAD_002809,POL327114,2025-05-28,CLM8536381,2025-07-29,HOSP_622,23261.61,D04,covid,none,
SYN_AAD_005589,POL330019,2023-04-17,CLM7891524,2024-01-10,HOSP_616,12118.04,B02,maternity,none,
SYN_AAD_005959,POL753484,2023-10-29,CLM9569884,2024-02-18,HOSP_271,2985188.4248706955,B02,surgery,inflated_claim,
SYN_AAD_014859,POL725510,2023-03-03,CLM2154992,2025-05-25,HOSP_236,26900.46,D04,covid,none,
SYN_AAD_004332,POL213844,2023-10-29,CLM1277874,2025-06-09,HOSP_208,16872.19,D04,fracture,none,
SYN_AAD_008845,POL200976,2024-12-07,CLM3976650,2025-02-28,HOSP_488,21979.02,A01,maternity,duplicate_aadhaar_diff_name,Tracy Clay
SYN_AAD_016493,POL888930,2023-12-06,CLM2971598,2025-07-27,HOSP_96,22470.15,D04,fracture,none,
SYN_AAD_009657,POL665482,2025-06-13,CLM1020136,2025-08-10,HOSP_919,21303.37,D04,maternity,none,
SYN_AAD_013784,POL488368,2023-05-06,CLM1728773,2025-05-20,HOSP_715,118650.50076527071,D04,fracture,inflated_claim,
SYN_AAD_015798,POL927909,2024-04-02,CLM7396087,2025-02-14,HOSP_359,122980.0986930412,A01,covid,inflated_claim,
SYN_AAD_004387,POL366881,2024-12-25,CLM9005101,2025-01-12,HOSP_785,19872.23,B02,fever,none,
SYN_AAD_013641,POL727354,2025-01-16,CLM7855954,2025-08-05,HOSP_264,229418.91260968833,B02,fever,inflated_claim,Joseph Ferguson
SYN_AAD_000233,POL706063,2023-09-17,CLM9766777,2024-08-20,HOSP_121,22718.0,A01,covid,none,
SYN_AAD_006731,POL821175,2025-06-01,CLM6299951,2025-08-07,HOSP_419,138156.53522575495,C03,fever,inflated_claim,
SYN_AAD_005071,POL546768,2022-11-03,CLM5255251,2023-03-11,HOSP_268,23858.49,D04,maternity,none,
SYN_AAD_011981,POL741603,2025-04-29,CLM5623138,2025-08-05,HOSP_697,52305.470450684974,D04,fracture,inflated_claim,
SYN_AAD_018032,POL678923,2022-10-10,CLM9094465,2023-12-10,HOSP_184,25743.83,C03,maternity,none,
SYN_AAD_005604,POL607259,2022-08-31,CLM5257682,2023-07-13,HOSP_315,11301.43,C03,covid,duplicate_aadhaar_diff_name,Pamela Vazquez
SYN_AAD_004524,POL996531,2023-06-20,CLM2997927,2024-09-28,HOSP_766,18187.8,B02,covid,none,
SYN_AAD_005301,POL205149,2024-12-25,CLM4598010,2024-12-26,HOSP_521,142782.7729554434,D04,surgery,inflated_claim,
SYN_AAD_018041,POL743852,2022-12-08,CLM1873301,2024-05-09,HOSP_165,155071.23541518714,D04,fever,inflated_claim,
SYN_AAD_019156,POL963245,2023-07-25,CLM3438206,2024-06-29,HOSP_483,25804.13,D04,fever,duplicate_aadhaar_diff_name,Jackson Torres
SYN_AAD_012802,POL375871,2023-08-29,CLM4720687,2024-06-15,HOSP_380,17661.49,A01,maternity,duplicate_aadhaar_diff_name,Anthony Stone
SYN_AAD_000211,POL859687,2024-11-14,CLM7447920,2025-04-18,HOSP_954,167715.21956741784,D04,maternity,inflated_claim,
SYN_AAD_017072,POL400384,2024-05-01,CLM1964069,2025-05-13,HOSP_969,19765.4,B02,covid,none,
SYN_AAD_014384,POL111230,2023-01-28,CLM4384085,2024-07-18,HOSP_871,22385.2,C03,fracture,none,
SYN_AAD_001101,POL922041,2024-01-07,CLM9565571,2024-07-27,HOSP_529,128573.48767465688,B02,maternity,inflated_claim,
SYN_AAD_005553,POL806765,2023-10-16,CLM1605005,2024-09-03,HOSP_369,13585.04,B02,fever,none,
SYN_AAD_005159,POL191061,2022-09-12,CLM5629452,2024-03-01,HOSP_799,24981.33,D04,surgery,none,
SYN_AAD_004642,POL525146,2023-09-03,CLM4360650,2024-11-30,HOSP_531,17531.22,A01,fever,duplicate_aadhaar_diff_name,Melinda Morris
SYN_AAD_002954,POL676289,2023-04-15,CLM5773013,2024-12-15,HOSP_744,12217.09,C03,surgery,none,
SYN_AAD_009060,POL337288,2022-10-21,CLM4263591,2025-06-02,HOSP_466,154319.47555869812,D04,maternity,inflated_claim,
SYN_AAD_000152,POL373791,2024-06-28,CLM3936596,2025-07-09,HOSP_417,27503.8,A01,maternity,none,
SYN_AAD_002371,POL627611,2023-10-08,CLM5936726,2025-05-10,HOSP_349,8881507.24669475,A01,maternity,inflated_claim,
SYN_AAD_008444,POL664032,2024-05-05,CLM5196677,2024-08-20,HOSP_711,18256.74,D04,covid,none,
SYN_AAD_016531,POL607122,2024-09-27,CLM5081447,2024-11-18,HOSP_776,18253.71,C03,covid,duplicate_aadhaar_diff_name,Joseph Garcia
SYN_AAD_015096,POL715332,2022-11-01,CLM1458868,2025-07-05,HOSP_494,18391.82,A01,surgery,none,
SYN_AAD_002213,POL501261,2024-01-17,CLM4697401,2024-06-25,HOSP_694,30383.74,B02,surgery,none,
SYN_AAD_013514,POL470248,2024-04-23,CLM9665502,2024-12-11,HOSP_549,126124.26115951594,A01,surgery,inflated_claim,
SYN_AAD_008134,POL401244,2025-04-14,CLM2560439,2025-08-03,HOSP_409,22150.21,C03,fever,none,
SYN_AAD_018171,POL287155,2022-11-24,CLM8995273,2023-05-09,HOSP_322,217529.83855143716,C03,fracture,inflated_claim,
SYN_AAD_018799,POL382146,2025-03-06,CLM4066614,2025-07-18,HOSP_970,21193.95,B02,covid,none,
SYN_AAD_016207,POL346269,2023-04-13,CLM5061034,2025-07-15,HOSP_894,18704.79,C03,fracture,duplicate_aadhaar_diff_name,Robert Fisher
SYN_AAD_013078,POL312616,2024-02-12,CLM5189194,2024-12-25,HOSP_857,1572929.2035591633,C03,fracture,inflated_claim,Amy Elliott
SYN_AAD_003495,POL225701,2024-07-09,CLM2316802,2024-11-05,HOSP_693,19641.99,D04,maternity,none,
SYN_AAD_016490,POL901368,2024-10-05,CLM1709057,2025-02-23,HOSP_869,19813.89,D04,surgery,duplicate_aadhaar_diff_name,David Cole
SYN_AAD_010335,POL616256,2022-10-24,CLM5609255,2023-07-16,HOSP_503,23638.15,B02,maternity,none,
SYN_AAD_009183,POL517206,2022-12-29,CLM4726098,2024-07-06,HOSP_769,20259.73,B02,fever,none,
SYN_AAD_017227,POL938095,2023-12-30,CLM8099712,2025-07-13,HOSP_490,3265757.425530356,A01,maternity,inflated_claim,
SYN_AAD_011379,POL512842,2025-05-23,CLM3932663,2025-08-12,HOSP_469,184589.67580010917,A01,maternity,inflated_claim,
SYN_AAD_015075,POL430984,2025-06-03,CLM1141240,2025-06-24,HOSP_13,20393.18,B02,covid,none,
SYN_AAD_019038,POL205641,2024-12-31,CLM6459913,2025-04-05,HOSP_371,10009.0,C03,fracture,none,
SYN_AAD_017975,POL375617,2022-09-18,CLM4978534,2025-07-30,HOSP_276,24581.64,D04,maternity,none,
SYN_AAD_004446,POL483699,2024-09-29,CLM4085559,2025-03-24,HOSP_511,218128.58075457273,D04,fracture,inflated_claim,
SYN_AAD_004723,POL834750,2024-01-29,CLM7246319,2024-10-03,HOSP_374,24990.05,D04,surgery,duplicate_aadhaar_diff_name,Kyle Collins
SYN_AAD_014769,POL288627,2024-12-18,CLM3200150,2025-02-09,HOSP_590,65517.56299765256,B02,fever,inflated_claim,
SYN_AAD_003276,POL943146,2023-01-04,CLM4956154,2023-09-07,HOSP_569,30441.87,D04,covid,none,
SYN_AAD_006424,POL252928,2024-04-10,CLM3509000,2024-08-29,HOSP_485,19302.05,A01,fracture,none,
SYN_AAD_006906,POL623866,2024-05-27,CLM3256060,2024-12-14,HOSP_915,239808.93102073687,C03,covid,inflated_claim,
SYN_AAD_009831,POL363165,2023-07-22,CLM1800429,2025-07-22,HOSP_408,90297.60650732786,A01,fracture,inflated_claim,
SYN_AAD_011406,POL325933,2025-03-19,CLM5266272,2025-05-29,HOSP_488,23063.87,A01,covid,duplicate_aadhaar_diff_name,Karen Jackson
SYN_AAD_010966,POL372387,2024-04-27,CLM7055937,2025-05-03,HOSP_369,14732.92,C03,surgery,none,
SYN_AAD_007325,POL531762,2025-05-11,CLM3034027,2025-08-18,HOSP_360,89126.44483155293,B02,maternity,inflated_claim,
SYN_AAD_018870,POL781433,2023-10-07,CLM3928275,2024-05-18,HOSP_800,29570.16,C03,surgery,none,
SYN_AAD_010652,POL805893,2024-04-24,CLM9563838,2024-04-25,HOSP_500,211476.16214268116,D04,fever,inflated_claim,
SYN_AAD_006030,POL743473,2024-07-11,CLM5807067,2024-07-28,HOSP_475,224937.6306123004,B02,fracture,inflated_claim,
SYN_AAD_008150,POL542306,2024-09-03,CLM7790959,2025-07-22,HOSP_870,24350.34,A01,fever,duplicate_aadhaar_diff_name,Dylan Jones
SYN_AAD_005308,POL460317,2024-02-03,CLM4828861,2024-04-06,HOSP_322,22478.41,C03,surgery,none,
SYN_AAD_002214,POL734792,2025-06-19,CLM7634639,2025-08-12,HOSP_278,20752.09,D04,surgery,none,
SYN_AAD_009949,POL646240,2025-08-05,CLM8554590,2025-08-18,HOSP_424,21824.81,B02,fracture,duplicate_aadhaar_diff_name,Jessica Carter
SYN_AAD_000756,POL231113,2023-01-21,CLM4936391,2025-03-15,HOSP_678,32017.08,C03,fever,none,
SYN_AAD_006900,POL275018,2022-11-27,CLM7661319,2024-11-04,HOSP_106,19711.91,A01,fever,none,
SYN_AAD_015505,POL675074,2024-09-07,CLM1903041,2025-01-30,HOSP_27,188334.71174160502,D04,maternity,inflated_claim,
SYN_AAD_016312,POL208976,2024-03-16,CLM5403218,2024-05-08,HOSP_633,210190.96814451108,B02,fever,inflated_claim,Cameron Powell
SYN_AAD_012774,POL424398,2023-04-13,CLM4847954,2024-06-16,HOSP_254,191546.52344748678,C03,covid,inflated_claim,
SYN_AAD_004142,POL237654,2023-11-26,CLM9837269,2024-02-08,HOSP_859,25935.15,B02,fever,none,
SYN_AAD_016487,POL795781,2023-12-08,CLM6986802,2025-03-21,HOSP_882,23193.65,C03,covid,duplicate_aadhaar_diff_name,Shane Duncan
SYN_AAD_015308,POL666843,2023-05-02,CLM5570355,2024-10-09,HOSP_562,102272.73792336874,D04,fracture,inflated_claim,
SYN_AAD_008853,POL285636,2023-07-05,CLM8659527,2024-12-08,HOSP_647,28167.16,D04,maternity,duplicate_aadhaar_diff_name,Andrew Ruiz
SYN_AAD_014729,POL424703,2023-01-21,CLM6824517,2024-11-18,HOSP_494,149329.4928509843,B02,fever,inflated_claim,Donald Reyes
SYN_AAD_014478,POL422823,2023-10-21,CLM7136825,2025-02-13,HOSP_423,21513.18,C03,fracture,none,
SYN_AAD_010935,POL111068,2024-12-07,CLM1001549,2025-02-14,HOSP_536,16228.62,B02,surgery,none,
SYN_AAD_009396,POL591989,2024-11-03,CLM9977469,2025-07-22,HOSP_9,19679.31,D04,covid,none,
SYN_AAD_009817,POL109576,2023-09-02,CLM8221506,2024-10-07,HOSP_818,196633.76954894135,C03,maternity,inflated_claim,
SYN_AAD_007576,POL935471,2025-05-15,CLM1121097,2025-06-16,HOSP_562,21606.79,C03,fracture,none,
SYN_AAD_013491,POL687783,2025-06-13,CLM8333427,2025-08-07,HOSP_405,166494.32145290347,B02,fracture,inflated_claim,
SYN_AAD_002226,POL968668,2024-08-27,CLM7347794,2024-12-10,HOSP_226,256179.71825507953,C03,fever,inflated_claim,
SYN_AAD_013835,POL755698,2024-07-02,CLM5019180,2025-06-12,HOSP_530,22267.67,C03,surgery,none,
SYN_AAD_017430,POL948097,2024-06-23,CLM5510085,2025-03-22,HOSP_423,158266.17240869068,B02,fever,inflated_claim,
SYN_AAD_008237,POL243260,2024-03-30,CLM5858602,2024-12-02,HOSP_114,24820.44,D04,maternity,duplicate_aadhaar_diff_name,Victor Garcia
SYN_AAD_014836,POL385353,2025-02-08,CLM9254323,2025-08-01,HOSP_193,25947.35,C03,fever,none,
SYN_AAD_003425,POL152042,2022-10-15,CLM9975319,2024-10-31,HOSP_23,13861.96,B02,fever,none,
SYN_AAD_005172,POL382271,2022-09-17,CLM3097809,2024-03-31,HOSP_733,22987.0,D04,fever,none,
SYN_AAD_007628,POL194578,2024-01-07,CLM3528052,2024-08-29,HOSP_16,181817.08208688893,D04,fracture,inflated_claim,
SYN_AAD_011203,POL540656,2025-03-27,CLM6227389,2025-05-17,HOSP_805,203309.93083881974,D04,surgery,inflated_claim,
SYN_AAD_015194,POL830789,2025-05-22,CLM1532460,2025-08-07,HOSP_339,26878.53,A01,fracture,none,
SYN_AAD_001836,POL379449,2023-07-11,CLM7583744,2024-11-18,HOSP_74,19249.72,D04,fracture,none,
SYN_AAD_003507,POL982417,2023-12-07,CLM5195637,2024-05-27,HOSP_837,20627.88,D04,fever,duplicate_aadhaar_diff_name,Mr. Carl Crawford DDS
SYN_AAD_002109,POL905459,2024-06-19,CLM5176895,2025-08-10,HOSP_395,19134.64,D04,fracture,none,
SYN_AAD_001098,POL308855,2024-08-19,CLM8731522,2025-05-01,HOSP_753,20077.9,A01,maternity,none,
SYN_AAD_006830,POL595793,2024-09-22,CLM7528399,2024-10-31,HOSP_698,14518.62,C03,surgery,none,
SYN_AAD_001741,POL759726,2024-01-23,CLM1707762,2024-12-06,HOSP_763,12799.75,A01,surgery,duplicate_aadhaar_diff_name,Julie Brooks
SYN_AAD_008560,POL769536,2025-01-10,CLM6013251,2025-03-18,HOSP_204,27972.53,C03,fever,none,
SYN_AAD_007136,POL218414,2023-03-25,CLM4958849,2023-03-29,HOSP_649,15765.19,D04,surgery,none,
SYN_AAD_000493,POL275490,2025-02-08,CLM5632190,2025-03-31,HOSP_599,80344.93901491417,A01,covid,inflated_claim,
SYN_AAD_007965,POL109363,2025-03-27,CLM1704531,2025-04-06,HOSP_596,9233.05,D04,maternity,none,
SYN_AAD_017855,POL489439,2024-09-13,CLM2501223,2025-02-17,HOSP_255,16805.19,B02,covid,duplicate_aadhaar_diff_name,Ryan Baker
SYN_AAD_002995,POL819265,2025-07-31,CLM6677780,2025-08-05,HOSP_954,13384.55,A01,fever,none,
SYN_AAD_011649,POL775885,2023-11-25,CLM3582322,2024-02-20,HOSP_719,28210.08,A01,fracture,none,
SYN_AAD_015985,POL343977,2024-02-07,CLM6314007,2024-07-19,HOSP_572,25049.09,C03,covid,none,
SYN_AAD_006323,POL122390,2024-02-29,CLM7337911,2025-06-04,HOSP_367,16559.25,B02,surgery,none,
SYN_AAD_001293,POL608876,2024-08-08,CLM8340032,2025-02-05,HOSP_573,31262.18,C03,maternity,none,
SYN_AAD_016059,POL298994,2023-03-01,CLM4131076,2023-05-19,HOSP_557,24908.83,C03,surgery,none,
SYN_AAD_015348,POL388698,2025-06-15,CLM3690116,2025-06-19,HOSP_71,18375.84,B02,covid,none,
SYN_AAD_017306,POL959222,2023-02-05,CLM5418267,2023-08-15,HOSP_555,73582.15122790668,C03,covid,inflated_claim,Jason Cochran
SYN_AAD_000023,POL913608,2024-01-18,CLM9488562,2025-05-31,HOSP_389,31454.71,B02,fever,none,
SYN_AAD_011930,POL913712,2023-09-14,CLM5006173,2024-09-07,HOSP_329,13052.14,A01,maternity,none,
SYN_AAD_012697,POL299092,2024-07-25,CLM9792431,2025-01-18,HOSP_700,11773.01,D04,maternity,none,
SYN_AAD_005050,POL742818,2023-11-08,CLM5750117,2025-02-27,HOSP_331,25112.85,D04,surgery,none,
SYN_AAD_015526,POL200932,2023-10-01,CLM9777848,2024-04-04,HOSP_675,32198.76,A01,fever,none,
SYN_AAD_004252,POL287316,2025-06-14,CLM1524686,2025-06-20,HOSP_207,26921.36,A01,covid,none,
SYN_AAD_006278,POL203550,2025-06-08,CLM1533803,2025-07-03,HOSP_585,253253.95299807278,D04,covid,inflated_claim,
SYN_AAD_017230,POL754280,2025-08-01,CLM5293936,2025-08-14,HOSP_51,22973.77,C03,fracture,none,
SYN_AAD_019855,POL852715,2024-09-08,CLM2189067,2024-10-29,HOSP_14,24267.08,B02,covid,none,
SYN_AAD_002620,POL590795,2023-05-14,CLM2018380,2024-11-11,HOSP_370,23794.64,D04,surgery,none,
SYN_AAD_001910,POL963652,2024-03-08,CLM5459646,2025-03-06,HOSP_542,21405.96,A01,fever,none,
SYN_AAD_009958,POL181721,2024-10-04,CLM4622201,2025-02-11,HOSP_984,20521.01,A01,fever,none,
SYN_AAD_007569,POL657487,2024-05-03,CLM7464782,2024-11-16,HOSP_195,19687.03,B02,maternity,none,
SYN_AAD_008151,POL697717,2023-01-27,CLM4001408,2024-01-08,HOSP_572,16230.18,D04,fever,none,
SYN_AAD_000001,POL475351,2024-02-02,CLM8696054,2024-08-29,HOSP_720,18596.62,D04,fever,duplicate_aadhaar_diff_name,Edward Lambert
SYN_AAD_005466,POL930956,2025-05-21,CLM4026551,2025-07-30,HOSP_564,11535.22,D04,maternity,none,
SYN_AAD_011059,POL789472,2025-04-29,CLM3653760,2025-08-01,HOSP_547,117419.41418427393,D04,surgery,inflated_claim,
SYN_AAD_010326,POL676802,2023-12-12,CLM6446792,2024-02-23,HOSP_866,15057.04,C03,covid,none,
SYN_AAD_006157,POL966286,2024-04-21,CLM6426605,2025-06-09,HOSP_624,112415.49193446072,B02,maternity,inflated_claim,
SYN_AAD_017879,POL324319,2024-01-11,CLM7292514,2025-05-28,HOSP_785,20899.47,C03,surgery,none,
SYN_AAD_014824,POL569237,2024-03-22,CLM7662074,2025-03-20,HOSP_1,152896.5356054087,A01,surgery,inflated_claim,
SYN_AAD_019521,POL117094,2023-07-17,CLM9684044,2024-11-09,HOSP_139,221764.8218290757,C03,fever,inflated_claim,
SYN_AAD_009841,POL332665,2025-06-17,CLM4604128,2025-07-17,HOSP_877,61771.95612695167,C03,fever,inflated_claim,
SYN_AAD_009042,POL680557,2023-04-11,CLM9577712,2024-04-14,HOSP_570,142000.89822448522,B02,fever,inflated_claim,
SYN_AAD_001236,POL582732,2023-03-31,CLM6966913,2025-07-11,HOSP_160,24703.86,B02,surgery,none,
SYN_AAD_012028,POL710434,2024-03-10,CLM5191903,2024-12-24,HOSP_239,15087.56,C03,surgery,none,
SYN_AAD_003011,POL698199,2024-02-12,CLM7707501,2025-04-16,HOSP_583,18876.83,B02,fever,none,
SYN_AAD_010639,POL931420,2022-09-15,CLM9095563,2025-07-28,HOSP_178,22750.26,D04,maternity,none,
SYN_AAD_001169,POL724145,2025-02-08,CLM6039762,2025-07-10,HOSP_39,15158.28,D04,fever,duplicate_aadhaar_diff_name,Vanessa Gibbs
SYN_AAD_001832,POL908348,2024-02-04,CLM6610127,2025-02-15,HOSP_357,16565060.078378908,D04,covid,inflated_claim,
SYN_AAD_003949,POL907812,2025-03-04,CLM4803691,2025-05-01,HOSP_766,13329.87,A01,covid,none,
SYN_AAD_001773,POL419588,2024-09-14,CLM9797692,2025-02-01,HOSP_43,16993.16,C03,maternity,none,
SYN_AAD_018511,POL256846,2024-10-06,CLM6483324,2024-11-12,HOSP_515,206854.93713536373,B02,fracture,inflated_claim,
SYN_AAD_008741,POL806357,2025-05-30,CLM7591477,2025-07-08,HOSP_995,12035.03,D04,maternity,none,
SYN_AAD_003174,POL629247,2024-05-05,CLM2511341,2024-06-08,HOSP_228,22202.37,D04,surgery,duplicate_aadhaar_diff_name,Carrie Horne
SYN_AAD_012921,POL255202,2023-04-17,CLM3217764,2025-07-19,HOSP_345,19901.81,A01,covid,none,
SYN_AAD_010268,POL881519,2023-09-30,CLM1827302,2025-01-29,HOSP_562,22762.45,D04,surgery,none,
SYN_AAD_002787,POL517885,2025-05-09,CLM9419194,2025-05-31,HOSP_445,21119.57,B02,fracture,none,
SYN_AAD_004855,POL686464,2023-06-15,CLM4323709,2025-03-13,HOSP_500,26820.7,D04,maternity,duplicate_aadhaar_diff_name,Cody Green
SYN_AAD_006425,POL688426,2023-05-06,CLM9795418,2024-05-10,HOSP_253,20626.12,B02,fever,none,
SYN_AAD_012760,POL914504,2023-07-16,CLM8215305,2025-02-11,HOSP_332,17852.97,A01,fever,none,
SYN_AAD_013552,POL544114,2025-06-01,CLM7128174,2025-08-16,HOSP_357,20611.49,B02,surgery,none,
SYN_AAD_011289,POL722725,2025-05-06,CLM1406123,2025-07-03,HOSP_789,155318.98388330848,C03,fracture,inflated_claim,
SYN_AAD_002249,POL746154,2024-07-08,CLM8419054,2024-07-09,HOSP_639,20244.3,B02,covid,duplicate_aadhaar_diff_name,Jessica Lee
SYN_AAD_001470,POL957915,2023-11-28,CLM4917305,2023-12-12,HOSP_205,202216.66785807558,C03,fracture,inflated_claim,
SYN_AAD_002811,POL217830,2024-08-10,CLM1914996,2024-09-18,HOSP_249,16490.04,B02,surgery,none,
SYN_AAD_000450,POL459946,2023-09-13,CLM2866934,2024-07-20,HOSP_313,16685.5,D04,covid,none,
SYN_AAD_000745,POL447997,2025-02-25,CLM4506598,2025-05-22,HOSP_758,113597.5028857601,B02,fracture,inflated_claim,
SYN_AAD_011606,POL648684,2025-04-29,CLM5339561,2025-05-17,HOSP_562,28747.88,D04,maternity,none,
SYN_AAD_004631,POL828834,2023-09-18,CLM1308508,2025-04-06,HOSP_386,13780.68,A01,surgery,none,
SYN_AAD_005581,POL163029,2024-09-22,CLM5764956,2025-06-08,HOSP_206,16535.47,C03,fever,none,
SYN_AAD_015235,POL786563,2025-02-20,CLM1139824,2025-05-25,HOSP_69,128717.4175325637,D04,surgery,inflated_claim,
SYN_AAD_011803,POL213132,2025-07-31,CLM1320081,2025-08-05,HOSP_300,24474.62,D04,fracture,none,
SYN_AAD_012474,POL633243,2023-11-13,CLM2671072,2024-02-17,HOSP_926,18525.25,C03,covid,none,
SYN_AAD_018936,POL657381,2024-12-29,CLM2476741,2025-05-13,HOSP_191,26238.71,B02,maternity,duplicate_aadhaar_diff_name,Amy Turner
SYN_AAD_015007,POL687923,2023-12-28,CLM1360516,2025-03-16,HOSP_41,16632.55,B02,maternity,none,
SYN_AAD_009991,POL449773,2024-01-29,CLM9219709,2024-03-01,HOSP_403,1528827.1127805097,B02,fever,inflated_claim,
SYN_AAD_011363,POL817552,2024-10-31,CLM6904121,2025-08-03,HOSP_364,15823.26,C03,fracture,none,
SYN_AAD_016425,POL389279,2023-07-21,CLM2040350,2024-08-11,HOSP_641,2798019.875526103,C03,covid,inflated_claim,
SYN_AAD_000965,POL681896,2023-11-02,CLM5700872,2024-08-17,HOSP_231,145170.93425201921,B02,surgery,inflated_claim,
SYN_AAD_012872,POL788842,2024-05-05,CLM3302852,2024-06-02,HOSP_90,21549.1,D04,maternity,none,
SYN_AAD_014336,POL537605,2023-02-25,CLM5032585,2025-02-10,HOSP_587,23168.88,B02,covid,duplicate_aadhaar_diff_name,Brenda Sims
SYN_AAD_010236,POL734775,2022-09-27,CLM6524481,2023-07-20,HOSP_460,145060.5830995313,B02,fracture,inflated_claim,
SYN_AAD_011613,POL709254,2025-03-21,CLM4394202,2025-06-04,HOSP_884,19073.56,B02,surgery,duplicate_aadhaar_diff_name,Kimberly Haley
SYN_AAD_017164,POL241822,2023-01-22,CLM8215281,2023-02-20,HOSP_931,19350.9,B02,maternity,none,
SYN_AAD_005178,POL432918,2022-12-17,CLM2137730,2024-11-30,HOSP_571,20219.06,A01,fracture,none,
SYN_AAD_010407,POL980303,2024-02-10,CLM3441467,2025-06-02,HOSP_745,19264.99,A01,surgery,none,
SYN_AAD_013567,POL531228,2025-07-06,CLM6089336,2025-07-07,HOSP_454,1041886.2048394363,C03,fracture,inflated_claim,
SYN_AAD_006158,POL211957,2025-06-07,CLM3206973,2025-06-10,HOSP_190,31052.62,A01,maternity,none,
SYN_AAD_002522,POL735022,2023-01-28,CLM4874049,2024-12-08,HOSP_611,17212.54,B02,fracture,duplicate_aadhaar_diff_name,Adam Williams
SYN_AAD_000854,POL476712,2022-10-12,CLM2333376,2024-05-29,HOSP_705,13150.99,D04,fracture,none,
SYN_AAD_016460,POL987240,2024-08-02,CLM8864546,2025-03-12,HOSP_730,19558.59,C03,fracture,none,
SYN_AAD_012696,POL615318,2025-05-18,CLM8949832,2025-06-13,HOSP_141,32898.55,B02,fracture,none,
SYN_AAD_007414,POL133795,2025-01-27,CLM7854988,2025-02-08,HOSP_783,15981.63,A01,surgery,none,
SYN_AAD_013534,POL333365,2024-09-16,CLM4402982,2025-04-14,HOSP_776,296286.30746231094,B02,fever,inflated_claim,
SYN_AAD_005802,POL560623,2024-06-20,CLM9219877,2024-11-05,HOSP_705,28388.5,C03,covid,none,
SYN_AAD_011537,POL548324,2024-11-17,CLM7792537,2025-03-18,HOSP_795,17232.06,A01,maternity,none,
SYN_AAD_017254,POL855185,2023-12-19,CLM6249548,2025-05-30,HOSP_404,22844.92,A01,maternity,none,
SYN_AAD_003582,POL573546,2023-01-18,CLM8665517,2024-09-27,HOSP_847,28141.98,A01,fracture,none,
SYN_AAD_016996,POL663996,2025-08-16,CLM7637254,2025-08-16,HOSP_753,18104.36,A01,maternity,none,
SYN_AAD_009827,POL641198,2023-02-05,CLM1827040,2024-08-25,HOSP_195,154933.44771817053,C03,covid,inflated_claim,Michael Myers
SYN_AAD_013042,POL419348,2025-02-02,CLM5796850,2025-05-04,HOSP_473,17091.6,B02,covid,none,
SYN_AAD_009647,POL742917,2025-06-16,CLM1915141,2025-08-08,HOSP_707,608451.6053063195,B02,covid,inflated_claim,
SYN_AAD_014801,POL194834,2025-02-13,CLM9399643,2025-05-06,HOSP_116,98700.28213363486,B02,maternity,inflated_claim,
SYN_AAD_017904,POL241879,2024-07-10,CLM7594565,2025-05-18,HOSP_424,13880.3,C03,covid,none,
SYN_AAD_000816,POL287567,2025-07-05,CLM8611499,2025-07-17,HOSP_605,20170.42,B02,covid,none,
SYN_AAD_002955,POL362230,2024-02-18,CLM6437072,2024-07-20,HOSP_709,16150.13,B02,fever,none,
SYN_AAD_002988,POL219710,2024-06-14,CLM8539654,2025-06-27,HOSP_650,21168.93,C03,fever,none,
SYN_AAD_011539,POL841635,2023-08-27,CLM7443916,2024-06-07,HOSP_745,590871.2800942413,B02,covid,inflated_claim,Jermaine Clark
SYN_AAD_018033,POL499095,2025-06-30,CLM1736621,2025-08-03,HOSP_787,21654.4,B02,surgery,none,
SYN_AAD_014008,POL791567,2025-08-15,CLM3518087,2025-08-18,HOSP_167,24167.64,B02,fracture,duplicate_aadhaar_diff_name,Walter Pacheco
SYN_AAD_000807,POL539963,2025-02-27,CLM6168426,2025-05-17,HOSP_317,56757.603568319675,D04,surgery,inflated_claim,Ryan Newman
SYN_AAD_000794,POL223264,2022-10-28,CLM3207395,2024-11-25,HOSP_984,191357.08695797148,B02,fever,inflated_claim,Sarah Edwards
SYN_AAD_008293,POL112800,2022-11-16,CLM8694746,2024-10-21,HOSP_510,26138.34,D04,maternity,none,
SYN_AAD_000188,POL737517,2023-03-05,CLM9278999,2023-09-27,HOSP_244,13951.79,B02,maternity,none,
SYN_AAD_015588,POL575779,2024-11-25,CLM7881198,2025-06-22,HOSP_453,216005.17813705443,A01,maternity,inflated_claim,
SYN_AAD_019664,POL106892,2023-07-18,CLM5105605,2024-02-12,HOSP_904,198354.9091141627,C03,maternity,inflated_claim,
SYN_AAD_018269,POL959959,2022-12-29,CLM4483580,2023-11-25,HOSP_51,971089.2727683939,B02,fracture,inflated_claim,
SYN_AAD_001804,POL785010,2023-08-12,CLM6855581,2025-04-25,HOSP_38,19721.15,B02,fever,none,
SYN_AAD_018915,POL978721,2024-02-06,CLM6007018,2024-04-28,HOSP_340,22791.63,A01,fever,duplicate_aadhaar_diff_name,Shannon Moore
SYN_AAD_003568,POL537211,2023-06-16,CLM3990511,2023-06-27,HOSP_166,20380.03,C03,maternity,none,
SYN_AAD_019495,POL700081,2022-12-12,CLM3976601,2024-02-07,HOSP_990,22693.78,D04,maternity,none,
SYN_AAD_011802,POL137581,2023-06-09,CLM2562399,2023-08-21,HOSP_787,15396.63,C03,surgery,none,
SYN_AAD_012077,POL497346,2025-03-13,CLM2135258,2025-06-11,HOSP_777,192550.25503104768,D04,maternity,inflated_claim,
SYN_AAD_002127,POL407057,2023-12-13,CLM8898995,2024-04-19,HOSP_138,147180.18745144096,A01,surgery,inflated_claim,
SYN_AAD_010787,POL652654,2024-09-22,CLM7941705,2025-05-26,HOSP_538,19443.87,B02,fracture,none,
SYN_AAD_001906,POL214611,2023-12-13,CLM9874251,2025-04-03,HOSP_90,15480.46,D04,maternity,none,
SYN_AAD_009410,POL547798,2023-08-06,CLM6309796,2024-07-06,HOSP_266,16322.35,C03,fracture,none,
SYN_AAD_018436,POL620509,2024-05-09,CLM9719216,2024-10-30,HOSP_747,26180.47,D04,covid,none,
SYN_AAD_005895,POL739008,2023-12-19,CLM4904421,2024-12-25,HOSP_726,25456.55,C03,fracture,none,
SYN_AAD_015104,POL223949,2025-01-17,CLM1402431,2025-06-26,HOSP_477,23045.69,A01,fracture,none,
SYN_AAD_013586,POL534153,2024-07-05,CLM1763232,2024-08-22,HOSP_342,122299.37521078173,C03,maternity,inflated_claim,
SYN_AAD_006957,POL111846,2025-08-01,CLM4375360,2025-08-07,HOSP_707,18417.96,C03,surgery,none,
SYN_AAD_003462,POL422722,2024-11-04,CLM6037929,2024-11-12,HOSP_519,280877.4351024555,C03,fever,inflated_claim,Vincent Lutz
SYN_AAD_003730,POL819150,2023-06-19,CLM6591559,2023-07-06,HOSP_350,20708.58,D04,maternity,none,
SYN_AAD_011704,POL972460,2025-06-15,CLM3946567,2025-06-20,HOSP_199,31596.65,C03,surgery,duplicate_aadhaar_diff_name,Christopher Bailey
SYN_AAD_016612,POL597549,2024-07-27,CLM1596568,2025-04-14,HOSP_662,231307.9103395724,B02,covid,inflated_claim,Scott Escobar
SYN_AAD_005091,POL757667,2023-08-08,CLM8727886,2025-04-23,HOSP_914,20960.25,C03,covid,none,
SYN_AAD_006354,POL878656,2024-03-06,CLM1939897,2025-07-07,HOSP_856,18454.42,C03,maternity,duplicate_aadhaar_diff_name,Donna Martinez
